NOM;PRENOM;OU;GROUPE1;LOGIN
TREMON;Jonas;Comptable;g_comptable;jtremon
DALON;Pierre;Comptable;g_comptable;pdalon
NOULENT;Marie;Comptable;g_comptable;mnoulent
JOLI;Laurent;Comptable;g_comptable;ljoli
FILOP;Herbert;Comptable;g_comptable;hfilop
RETOU;Audrey;Comptable;g_comptable;aretou
CHEN;Li;Comptable;g_comptable;lchen
ELHOUASSI;Ahmed;Comptable;g_comptable;aelhouassi
MACABOU;Désiré;Comptable;g_comptable;dmacabou
DUPONT;Zora;Production;g_production;zdupont
MOHER;Vladimir;Production;g_production;vmoher
DERMAN;Gus;Production;g_production;gderman
ATCHOUM;Zelia;Production;g_production;zatchoum
MONIER;Mathieu;Production;g_production;mmonier
BALEH;Nadia;Production;g_production;nbaleh
ABIAKAR;Antoine;Production;g_production;aabiakar
MATSUMOTO;Ideyuki;Production;g_production;imatsumoto
DICKENSON;Karl;Production;g_production;kdickenson
PAKLING;Kam;Production;g_production;kpakling
PIGEAT;Cyrienne;Production;g_production;cpigeat
NDONGE;Meriem;Production;g_production;mndonge
HADDOUK;Raffik;Production;g_production;rhaddouk
BENSOUSSAN;Rosette;Production;g_production;rbensoussan
LABRUNE;Jeanne;Production;g_production;jlabrune
PETIT;Poléric;Production;g_production;ppetit
RABITCHOV;Sylvie;Production;g_production;srabitchov
STREETER;KimAndrew;Production;g_production;kstreeter
CARETZA;Hélène;Production;g_production;hcaretza
COHEN;Mamadou;Production;g_production;mcohen
MION;Jacynthe;Production;g_production;jmion
ROJBI;Sadok;Production;g_production;srojbi
ZHOU;Qi;Production;g_production;qzhou
JONOVSKI;Stojche;Production;g_production;sjonovski
CHOWDHARY;Anil;Production;g_production;achowdhary
DOSSANTOS;Maria;Production;g_production;mdossantos
GRABLOT;Mercédes;Production;g_production;mgrablot
GRIESSI;Giuseppe;Production;g_production;ggriessi
YLDIRME;Unal;Production;g_production;uyldirme
SUMMERS;Buffy;Production;g_production;bsummers
HARRIS;Xander;Production;g_production;xharris
ROSENBERG;Willow;Production;g_production;wrosenberg
GILES;Giles;Production;g_production;ggiles
CHASE;Cordelia;Production;g_production;cchase
SUMMERS;Dawn;Production;g_production;dsummers
MACLAY;Tara;Production;g_production;tmaclay
FINN;Riley;Production;g_production;rfinn
THEBLOODY;William;Production;g_production;wthebloody
SUMMERS;Joyce;Production;g_production;jsummers
WYNDAMPRYCE;Wesley;Production;g_production;wwyndampryce
GUNN;Charles;Production;g_production;cgunn
BURKLE;Fred;Production;g_production;fburkle
MCDONALD;Lindsay;Production;g_production;lmcdonald
MORGAN;Lilah;Production;g_production;lmorgan
COMPTON;Bill;Production;g_production;bcompton
STACKHOUSE;Sookie;Production;g_production;sstackhouse
NORTHMAN;Eric;Production;g_production;enorthman
STACKHOUSE;Jason;Production;g_production;jstackhouse
MERLOTTE;Sam;Production;g_production;smerlotte
THORNTON;Tara;Production;g_production;tthornton
BELLEFLEUR;Terry;Production;g_production;tbellefleur
EDGINGTON;Russel;Informatique;g_informatique;redgington
FORTENBERRY;Hoyt;Informatique;g_informatique;hfortenberry
BELLEFLEUR;Andy;Informatique;g_informatique;abellefleur
HAMBY;Jessica;Informatique;g_informatique;jhamby
REYNOLDS;Lafayette;Informatique;g_informatique;lreynolds
HERVEAUX;Alcide;Informatique;g_informatique;aherveaux
WINCHESTER;Sam;Informatique;g_informatique;swinchester
WINCHESTER;Dean;Informatique;g_informatique;dwinchester
SINGER;Bobby;Informatique;g_informatique;bsinger
HARVELL;Jo;Informatique;g_informatique;jharvell
MASTERS;Meg;Informatique;g_informatique;mmasters
TURNER;Rufus;Informatique;g_informatique;rturner
TRAN;Kevin;Informatique;g_informatique;ktran
TALBOT;Bella;Informatique;g_informatique;btalbot
BEAUMORT;Tom;Informatique;g_informatique;tbeaumort
CANIBAL;Mathéo;Informatique;g_informatique;mcanibal
